pagename,pageviewcount,datetime
"Google",862,2026-02-26 12:00:00
"Amazon",5,2026-02-26 12:00:00
"Microsoft",153,2026-02-26 12:00:00
"Apple",57,2026-02-26 12:00:00
"Facebook",406,2026-02-26 12:00:00
"Google",862,2026-02-26 12:00:00
"Amazon",5,2026-02-26 12:00:00
"Microsoft",153,2026-02-26 12:00:00
"Apple",57,2026-02-26 12:00:00
"Facebook",406,2026-02-26 12:00:00
"Google",830,2026-02-26 13:00:00
"Amazon",2,2026-02-26 13:00:00
"Microsoft",149,2026-02-26 13:00:00
"Apple",66,2026-02-26 13:00:00
"Facebook",437,2026-02-26 13:00:00
"Google",961,2026-02-26 14:00:00
"Amazon",10,2026-02-26 14:00:00
"Microsoft",148,2026-02-26 14:00:00
"Apple",73,2026-02-26 14:00:00
"Facebook",507,2026-02-26 14:00:00
"Google",1097,2026-02-26 15:00:00
"Amazon",7,2026-02-26 15:00:00
"Microsoft",176,2026-02-26 15:00:00
"Apple",102,2026-02-26 15:00:00
"Facebook",600,2026-02-26 15:00:00
"Google",1050,2026-02-26 16:00:00
"Amazon",12,2026-02-26 16:00:00
"Microsoft",204,2026-02-26 16:00:00
"Apple",78,2026-02-26 16:00:00
"Facebook",591,2026-02-26 16:00:00
